日期,隊伍,總分
20230330,Braves vs Nationals,9
20230330,Giants vs Yankees,5
20230330,Orioles vs Red Sox,19
20230330,Brewers vs Cubs,4
20230330,Tigers vs Rays,4
20230330,Phillies vs Rangers,18
20230330,Twins vs Royals,2
20230330,Mets vs Marlins,8
20230330,Pirates vs Reds,9
20230330,Blue Jays vs Cardinals,19
20230330,White Sox vs Astros,5
20230330,Rockies vs Padres,9
20230330,Angels vs Athletics,3
20230330,Diamondbacks vs Dodgers,10
20230330,Guardians vs Mariners,3
20230331,Mets vs Marlins,3
20230331,White Sox vs Astros,9
20230331,Rockies vs Padres,5
20230331,Diamondbacks vs Dodgers,3
20230331,Guardians vs Mariners,13
20230401,White Sox vs Astros,10
20230401,Blue Jays vs Cardinals,5
20230401,Brewers vs Cubs,4
20230401,Braves vs Nationals,8
20230401,Phillies vs Rangers,19
20230401,Giants vs Yankees,12
20230401,Angels vs Athletics,14
20230401,Orioles vs Red Sox,17
20230401,Tigers vs Rays,14
20230401,Twins vs Royals,2
20230401,Mets vs Marlins,8
20230401,Pirates vs Reds,8
20230401,Rockies vs Padres,12
20230401,Diamondbacks vs Dodgers,11
20230401,Guardians vs Mariners,2
20230402,Tigers vs Rays,6
20230402,Braves vs Nationals,5
20230402,Orioles vs Red Sox,14
20230402,Giants vs Yankees,6
20230402,Mets vs Marlins,6
20230402,Pirates vs Reds,4
20230402,White Sox vs Astros,9
20230402,Twins vs Royals,11
20230402,Blue Jays vs Cardinals,13
20230402,Brewers vs Cubs,14
20230402,Angels vs Athletics,6
20230402,Diamondbacks vs Dodgers,3
20230402,Guardians vs Mariners,11
20230402,Rockies vs Padres,4
20230402,Phillies vs Rangers,3
20230403,Mets vs Brewers,10
20230403,Giants vs White Sox,15
20230403,Cubs vs Reds,13
20230403,Twins vs Marlins,12
20230403,Phillies vs Yankees,9
20230403,Rays vs Nationals,8
20230403,Pirates vs Red Sox,13
20230403,Blue Jays vs Royals,14
20230403,Braves vs Cardinals,12
20230403,Orioles vs Rangers,2
20230403,Tigers vs Astros,13
20230403,Angels vs Mariners,10
20230403,Guardians vs Athletics,23
20230403,Diamondbacks vs Padres,9
20230403,Rockies vs Dodgers,17
20230404,Diamondbacks vs Padres,14
20230404,Cubs vs Reds,17
20230404,Twins vs Marlins,1
20230404,Phillies vs Yankees,5
20230404,Rays vs Nationals,16
20230404,Pirates vs Red Sox,5
20230404,Mets vs Brewers,9
20230404,Blue Jays vs Royals,5
20230404,Braves vs Cardinals,5
20230404,Orioles vs Rangers,9
20230404,Tigers vs Astros,9
20230404,Angels vs Mariners,13
20230404,Guardians vs Athletics,7
20230404,Rockies vs Dodgers,7
20230405,Phillies vs Yankees,6
20230405,Rays vs Nationals,9
20230405,Twins vs Marlins,7
20230405,Braves vs Cardinals,7
20230405,Pirates vs Red Sox,5
20230405,Mets vs Brewers,13
20230405,Orioles vs Rangers,7
20230405,Tigers vs Astros,10
20230405,Giants vs White Sox,10
20230405,Guardians vs Athletics,10
20230405,Angels vs Mariners,7
20230405,Blue Jays vs Royals,3
20230406,Red Sox vs Tigers,9
20230406,Giants vs White Sox,22
20230406,Blue Jays vs Royals,9
20230406,Nationals vs Rockies,1
20230406,Padres vs Braves,13
20230406,Dodgers vs Diamondbacks,7
20230407,Marlins vs Mets,12
20230407,Rangers vs Cubs,2
20230407,Yankees vs Orioles,13
20230407,Reds vs Phillies,7
20230407,Mariners vs Guardians,8
20230407,Astros vs Twins,5
20230407,White Sox vs Pirates,22
20230407,Royals vs Giants,4
20230407,Athletics vs Rays,14
20230407,Padres vs Braves,9
20230407,Cardinals vs Brewers,4
20230407,Nationals vs Rockies,15
20230407,Blue Jays vs Angels,7
20230407,Dodgers vs Diamondbacks,9
20230408,Astros vs Twins,15
20230408,Reds vs Phillies,5
20230408,Royals vs Giants,11
20230408,Rangers vs Cubs,13
20230408,Red Sox vs Tigers,19
20230408,Marlins vs Mets,7
20230408,Athletics vs Rays,11
20230408,Mariners vs Guardians,5
20230408,White Sox vs Pirates,16
20230408,Yankees vs Orioles,5
20230408,Cardinals vs Brewers,6
20230408,Padres vs Braves,5
20230408,Dodgers vs Diamondbacks,20
20230408,Nationals vs Rockies,13
20230408,Blue Jays vs Angels,14
20230409,Reds vs Phillies,10
20230409,Red Sox vs Tigers,5
20230409,Athletics vs Rays,11
20230409,Yankees vs Orioles,8
20230409,White Sox vs Pirates,1
20230409,Marlins vs Mets,9
20230409,Mariners vs Guardians,13
20230409,Astros vs Twins,6
20230409,Cardinals vs Brewers,7
20230409,Rangers vs Cubs,10
20230409,Nationals vs Rockies,13
20230409,Royals vs Giants,4
20230409,Blue Jays vs Angels,23
20230409,Dodgers vs Diamondbacks,17
20230409,Padres vs Braves,12
20230410,White Sox vs Twins,7
20230410,Yankees vs Guardians,5
20230410,Athletics vs Orioles,6
20230410,Astros vs Pirates,10
20230410,Red Sox vs Rays,1
20230410,Marlins vs Phillies,18
20230410,Padres vs Mets,5
20230410,Reds vs Braves,9
20230410,Mariners vs Cubs,5
20230410,Royals vs Rangers,13
20230410,Cardinals vs Rockies,11
20230410,Nationals vs Angels,10
20230410,Brewers vs Diamondbacks,3
20230410,Dodgers vs Giants,10
20230411,Yankees vs Guardians,13
20230411,Athletics vs Orioles,20
20230411,Astros vs Pirates,11
20230411,Red Sox vs Rays,9
20230411,Marlins vs Phillies,12
20230411,Tigers vs Blue Jays,12
20230411,Padres vs Mets,6
20230411,Reds vs Braves,13
20230411,White Sox vs Twins,7
20230411,Mariners vs Cubs,23
20230411,Royals vs Rangers,13
20230411,Cardinals vs Rockies,15
20230411,Nationals vs Angels,2
20230411,Brewers vs Diamondbacks,8
20230411,Dodgers vs Giants,5
20230412,Astros vs Pirates,7
20230412,White Sox vs Twins,4
20230412,Yankees vs Guardians,7
20230412,Padres vs Mets,7
20230412,Mariners vs Cubs,7
20230412,Cardinals vs Rockies,11
20230412,Brewers vs Diamondbacks,10
20230412,Marlins vs Phillies,5
20230412,Nationals vs Angels,5
20230412,Athletics vs Orioles,12
20230412,Red Sox vs Rays,16
20230412,Tigers vs Blue Jays,7
20230412,Reds vs Braves,9
20230412,Royals vs Rangers,11
20230412,Dodgers vs Giants,15
20230413,Athletics vs Orioles,15
20230413,Red Sox vs Rays,12
20230413,Phillies vs Reds,8
20230413,Twins vs Yankees,13
20230413,Tigers vs Blue Jays,4
20230413,Pirates vs Cardinals,5
20230413,Brewers vs Padres,7
20230414,Diamondbacks vs Marlins,6
20230414,Phillies vs Reds,11
20230414,Giants vs Tigers,12
20230414,Guardians vs Nationals,7
20230414,Twins vs Yankees,7
20230414,Rays vs Blue Jays,9
20230414,Angels vs Red Sox,8
20230414,Orioles vs White Sox,9
20230414,Braves vs Royals,13
20230414,Rangers vs Astros,8
20230414,Pirates vs Cardinals,3
20230414,Mets vs Athletics,23
20230414,Brewers vs Padres,13
20230414,Cubs vs Dodgers,10
20230414,Rockies vs Mariners,8
20230415,Twins vs Yankees,7
20230415,Giants vs Tigers,13
20230415,Orioles vs White Sox,13
20230415,Pirates vs Cardinals,9
20230415,Rays vs Blue Jays,7
20230415,Guardians vs Nationals,10
20230415,Brewers vs Padres,13
20230415,Mets vs Athletics,5
20230415,Angels vs Red Sox,16
20230415,Diamondbacks vs Marlins,5
20230415,Braves vs Royals,12
20230415,Phillies vs Reds,13
20230415,Rangers vs Astros,10
20230415,Cubs vs Dodgers,3
20230415,Rockies vs Mariners,11
20230416,Angels vs Red Sox,3
20230416,Guardians vs Nationals,13
20230416,Twins vs Yankees,2
20230416,Rays vs Blue Jays,9
20230416,Diamondbacks vs Marlins,5
20230416,Phillies vs Reds,17
20230416,Braves vs Royals,9
20230416,Orioles vs White Sox,12
20230416,Pirates vs Cardinals,9
20230416,Mets vs Athletics,7
20230416,Cubs vs Dodgers,5
20230416,Rockies vs Mariners,1
20230416,Brewers vs Padres,1
20230416,Rangers vs Astros,10
20230417,Angels vs Red Sox,9
20230417,Giants vs Marlins,7
20230417,Rays vs Reds,9
20230417,Rangers vs Royals,4
20230417,Diamondbacks vs Cardinals,9
20230417,Blue Jays vs Astros,11
20230417,Pirates vs Rockies,17
20230417,Cubs vs Athletics,11
20230417,Brewers vs Mariners,10
20230417,Braves vs Padres,2
20230417,Mets vs Dodgers,14
20230418,Guardians vs Tigers,7
20230418,Phillies vs White Sox,11
20230418,Guardians vs Tigers,1
20230418,Giants vs Marlins,6
20230418,Rays vs Reds,10
20230418,Angels vs Yankees,7
20230418,Orioles vs Nationals,1
20230418,Twins vs Red Sox,9
20230418,Phillies vs White Sox,3
20230418,Rangers vs Royals,14
20230418,Diamondbacks vs Cardinals,15
20230418,Blue Jays vs Astros,6
20230418,Pirates vs Rockies,8
20230418,Cubs vs Athletics,4
20230418,Brewers vs Mariners,11
20230418,Braves vs Padres,9
20230418,Mets vs Dodgers,5
20230419,Rays vs Reds,8
20230419,Guardians vs Tigers,5
20230419,Giants vs Marlins,7
20230419,Diamondbacks vs Cardinals,19
20230419,Phillies vs White Sox,7
20230419,Rangers vs Royals,15
20230419,Mets vs Dodgers,8
20230419,Pirates vs Rockies,17
20230419,Cubs vs Athletics,14
20230419,Brewers vs Mariners,8
20230419,Braves vs Padres,1
20230419,Angels vs Yankees,5
20230419,Orioles vs Nationals,4
20230419,Twins vs Red Sox,14
20230419,Blue Jays vs Astros,9
20230420,Twins vs Red Sox,16
20230420,Angels vs Yankees,12
20230420,Reds vs Pirates,7
20230420,Rockies vs Phillies,5
20230420,Dodgers vs Cubs,8
20230420,Padres vs Diamondbacks,12
20230420,Mets vs Giants,13
20230421,Dodgers vs Cubs,13
20230421,Reds vs Pirates,6
20230421,White Sox vs Rays,15
20230421,Rockies vs Phillies,7
20230421,Tigers vs Orioles,3
20230421,Blue Jays vs Yankees,7
20230421,Astros vs Braves,10
20230421,Athletics vs Rangers,9
20230421,Red Sox vs Brewers,8
20230421,Nationals vs Twins,5
20230421,Royals vs Angels,2
20230421,Padres vs Diamondbacks,9
20230421,Cardinals vs Mariners,7
20230421,Mets vs Giants,7
20230422,Blue Jays vs Yankees,5
20230422,Nationals vs Twins,14
20230422,Dodgers vs Cubs,13
20230422,Rockies vs Phillies,7
20230422,Marlins vs Guardians,7
20230422,White Sox vs Rays,7
20230422,Mets vs Giants,11
20230422,Reds vs Pirates,3
20230422,Tigers vs Orioles,6
20230422,Athletics vs Rangers,21
20230422,Red Sox vs Brewers,9
20230422,Astros vs Braves,9
20230422,Padres vs Diamondbacks,8
20230422,Marlins vs Guardians,5
20230422,Royals vs Angels,19
20230422,Cardinals vs Mariners,9
20230423,Rockies vs Phillies,12
20230423,Tigers vs Orioles,3
20230423,Astros vs Braves,7
20230423,Blue Jays vs Yankees,6
20230423,Reds vs Pirates,2
20230423,White Sox vs Rays,5
20230423,Marlins vs Guardians,11
20230423,Red Sox vs Brewers,17
20230423,Nationals vs Twins,4
20230423,Dodgers vs Cubs,10
20230423,Athletics vs Rangers,7
20230423,Royals vs Angels,7
20230423,Padres vs Diamondbacks,12
20230423,Cardinals vs Mariners,10
20230423,Mets vs Giants,9
20230424,Rockies vs Guardians,6
20230424,Red Sox vs Orioles,9
20230424,Astros vs Rays,11
20230424,Rangers vs Reds,13
20230424,White Sox vs Blue Jays,7
20230424,Marlins vs Braves,11
20230424,Tigers vs Brewers,6
20230424,Yankees vs Twins,7
20230424,Athletics vs Angels,21
20230424,Royals vs Diamondbacks,9
20230424,Cardinals vs Giants,4
20230425,Rockies vs Guardians,6
20230425,Red Sox vs Orioles,14
20230425,Dodgers vs Pirates,15
20230425,Astros vs Rays,5
20230425,Mariners vs Phillies,8
20230425,Rangers vs Reds,13
20230425,White Sox vs Blue Jays,7
20230425,Nationals vs Mets,5
20230425,Marlins vs Braves,11
20230425,Tigers vs Brewers,7
20230425,Yankees vs Twins,8
20230425,Padres vs Cubs,6
20230425,Athletics vs Angels,8
20230425,Royals vs Diamondbacks,9
20230425,Cardinals vs Giants,9
20230426,Rangers vs Reds,8
20230426,Red Sox vs Orioles,8
20230426,White Sox vs Blue Jays,8
20230426,Rockies vs Guardians,5
20230426,Yankees vs Twins,18
20230426,Tigers vs Brewers,8
20230426,Royals vs Diamondbacks,2
20230426,Dodgers vs Pirates,9
20230426,Astros vs Rays,1
20230426,Mariners vs Phillies,11
20230426,Nationals vs Mets,5
20230426,Marlins vs Braves,10
20230426,Padres vs Cubs,8
20230426,Athletics vs Angels,14
20230426,Cardinals vs Giants,10
20230427,Marlins vs Braves,9
20230427,Dodgers vs Pirates,8
20230427,Mariners vs Phillies,1
20230427,Padres vs Cubs,7
20230427,Cardinals vs Giants,6
20230427,Athletics vs Angels,15
20230427,Orioles vs Tigers,11
20230427,Rays vs White Sox,19
20230427,Nationals vs Mets,17
20230427,Royals vs Twins,8
20230427,Yankees vs Rangers,6
20230428,Royals vs Twins,14
20230428,Cubs vs Marlins,5
20230428,Mariners vs Blue Jays,5
20230428,Braves vs Mets,4
20230428,Guardians vs Red Sox,7
20230428,Rays vs White Sox,5
20230428,Yankees vs Rangers,7
20230428,Angels vs Brewers,3
20230428,Phillies vs Astros,4
20230428,Diamondbacks vs Rockies,10
20230428,Reds vs Athletics,18
20230428,Cardinals vs Dodgers,10
20230429,Orioles vs Tigers,11
20230429,Pirates vs Nationals,9
20230429,Royals vs Twins,5
20230429,Mariners vs Blue Jays,1
20230429,Cubs vs Marlins,13
20230429,Reds vs Athletics,5
20230429,Guardians vs Red Sox,15
20230429,Phillies vs Astros,7
20230429,Orioles vs Tigers,10
20230429,Giants vs Padres,27
20230429,Pirates vs Nationals,17
20230429,Yankees vs Rangers,2
20230429,Angels vs Brewers,12
20230429,Rays vs White Sox,15
20230429,Diamondbacks vs Rockies,15
20230429,Cardinals vs Dodgers,1
20230430,Cubs vs Marlins,7
20230430,Guardians vs Red Sox,8
20230430,Pirates vs Nationals,9
20230430,Mariners vs Blue Jays,18
20230430,Orioles vs Tigers,8
20230430,Angels vs Brewers,3
20230430,Royals vs Twins,12
20230430,Rays vs White Sox,21
20230430,Yankees vs Rangers,17
20230430,Diamondbacks vs Rockies,16
20230430,Giants vs Padres,10
20230430,Reds vs Athletics,9
20230430,Cardinals vs Dodgers,9
20230430,Phillies vs Astros,7
20230501,Braves vs Mets,17
20230501,Braves vs Mets,8
20230501,Cubs vs Nationals,6
20230501,Guardians vs Yankees,5
20230501,Blue Jays vs Red Sox,11
20230501,Giants vs Astros,10
20230501,Reds vs Padres,11
20230501,Phillies vs Dodgers,17
20230502,Braves vs Marlins,6
20230502,Pirates vs Rays,5
20230502,Cubs vs Nationals,5
20230502,Guardians vs Yankees,6
20230502,Twins vs White Sox,5
20230502,Blue Jays vs Red Sox,13
20230502,Orioles vs Royals,18
20230502,Angels vs Cardinals,6
20230502,Diamondbacks vs Rangers,10
20230502,Giants vs Astros,2
20230502,Brewers vs Rockies,5
20230502,Mariners vs Athletics,3
20230502,Reds vs Padres,3
20230502,Phillies vs Dodgers,14
20230503,Mets vs Tigers,11
20230503,Diamondbacks vs Rangers,19
20230503,Giants vs Astros,6
20230503,Phillies vs Dodgers,16
20230503,Reds vs Padres,8
20230503,Braves vs Marlins,20
20230503,Mets vs Tigers,9
20230503,Pirates vs Rays,9
20230503,Cubs vs Nationals,3
20230503,Guardians vs Yankees,7
20230503,Twins vs White Sox,10
20230503,Blue Jays vs Red Sox,11
20230503,Orioles vs Royals,6
20230503,Angels vs Cardinals,10
20230503,Brewers vs Rockies,8
20230503,Mariners vs Athletics,9
20230504,Cubs vs Nationals,7
20230504,Mets vs Tigers,2
20230504,Pirates vs Rays,5
20230504,Angels vs Cardinals,18
20230504,Orioles vs Royals,23
20230504,Twins vs White Sox,10
20230504,Brewers vs Rockies,15
20230504,Mariners vs Athletics,8
20230504,Braves vs Marlins,9
20230504,Blue Jays vs Red Sox,16
20230505,Marlins vs Cubs,5
20230505,Blue Jays vs Pirates,4
20230505,White Sox vs Reds,9
20230505,Yankees vs Rays,9
20230505,Red Sox vs Phillies,8
20230505,Rockies vs Mets,1
20230505,Twins vs Guardians,2
20230505,Orioles vs Braves,13
20230505,Athletics vs Royals,20
20230505,Tigers vs Cardinals,9
20230505,Rangers vs Angels,9
20230505,Nationals vs Diamondbacks,4
20230505,Dodgers vs Padres,7
20230505,Astros vs Mariners,10
20230505,Brewers vs Giants,10
20230506,Tigers vs Cardinals,11
20230506,Marlins vs Cubs,6
20230506,Rockies vs Mets,7
20230506,Yankees vs Rays,5
20230506,Twins vs Guardians,7
20230506,Blue Jays vs Pirates,10
20230506,White Sox vs Reds,8
20230506,Athletics vs Royals,9
20230506,Orioles vs Braves,9
20230506,Red Sox vs Phillies,11
20230506,Brewers vs Giants,5
20230506,Nationals vs Diamondbacks,15
20230506,Dodgers vs Padres,3
20230506,Rangers vs Angels,11
20230506,Astros vs Mariners,12
20230507,Orioles vs Braves,5
20230507,Red Sox vs Phillies,7
20230507,Blue Jays vs Pirates,11
20230507,Rockies vs Mets,19
20230507,Twins vs Guardians,2
20230507,Yankees vs Rays,15
20230507,Athletics vs Royals,6
20230507,Tigers vs Cardinals,18
20230507,Marlins vs Cubs,9
20230507,Brewers vs Giants,10
20230507,Rangers vs Angels,24
20230507,White Sox vs Reds,21
20230507,Astros vs Mariners,4
20230507,Nationals vs Diamondbacks,17
20230507,Dodgers vs Padres,7
20230508,Tigers vs Guardians,8
20230508,Rays vs Orioles,3
20230508,Rockies vs Pirates,2
20230508,Athletics vs Yankees,9
20230508,White Sox vs Royals,17
20230508,Dodgers vs Brewers,12
20230508,Cardinals vs Cubs,4
20230508,Astros vs Angels,10
20230508,Marlins vs Diamondbacks,7
20230508,Rangers vs Mariners,3
20230508,Nationals vs Giants,6
20230509,Tigers vs Guardians,2
20230509,Rays vs Orioles,6
20230509,Rockies vs Pirates,11
20230509,Mets vs Reds,13
20230509,Blue Jays vs Phillies,12
20230509,Athletics vs Yankees,15
20230509,Red Sox vs Braves,12
20230509,White Sox vs Royals,6
20230509,Dodgers vs Brewers,8
20230509,Padres vs Twins,7
20230509,Cardinals vs Cubs,10
20230509,Astros vs Angels,4
20230509,Marlins vs Diamondbacks,8
20230509,Rangers vs Mariners,5
20230509,Nationals vs Giants,5
20230510,Athletics vs Yankees,14
20230510,Rockies vs Pirates,7
20230510,Tigers vs Guardians,5
20230510,Dodgers vs Brewers,9
20230510,Marlins vs Diamondbacks,9
20230510,Rangers vs Mariners,7
20230510,Nationals vs Giants,17
20230510,Blue Jays vs Phillies,3
20230510,Astros vs Angels,9
20230510,Rays vs Orioles,3
20230510,Mets vs Reds,3
20230510,Red Sox vs Braves,7
20230510,White Sox vs Royals,10
20230510,Padres vs Twins,7
20230510,Cardinals vs Cubs,14
20230511,Mets vs Reds,5
20230511,Padres vs Twins,8
20230511,White Sox vs Royals,7
20230511,Rays vs Yankees,10
20230511,Giants vs Diamondbacks,8
20230511,Rangers vs Athletics,4
20230512,Reds vs Marlins,11
20230512,Mariners vs Tigers,11
20230512,Mets vs Nationals,5
20230512,Pirates vs Orioles,9
20230512,Rays vs Yankees,11
20230512,Braves vs Blue Jays,3
20230512,Angels vs Guardians,9
20230512,Cardinals vs Red Sox,14
20230512,Cubs vs Twins,8
20230512,Astros vs White Sox,6
20230512,Royals vs Brewers,6
20230512,Phillies vs Rockies,9
20230512,Giants vs Diamondbacks,12
20230512,Rangers vs Athletics,16
20230512,Padres vs Dodgers,6
20230513,Rays vs Yankees,17
20230513,Reds vs Marlins,11
20230513,Mariners vs Tigers,5
20230513,Cubs vs Twins,12
20230513,Braves vs Blue Jays,7
20230513,Mets vs Nationals,5
20230513,Rangers vs Athletics,5
20230513,Cardinals vs Red Sox,7
20230513,Angels vs Guardians,14
20230513,Pirates vs Orioles,2
20230513,Royals vs Brewers,7
20230513,Astros vs White Sox,4
20230513,Padres vs Dodgers,6
20230513,Giants vs Diamondbacks,9
20230513,Phillies vs Rockies,11
20230514,Mets vs Nationals,5
20230514,Angels vs Guardians,7
20230514,Pirates vs Orioles,4
20230514,Rays vs Yankees,15
20230514,Braves vs Blue Jays,11
20230514,Reds vs Marlins,4
20230514,Mariners vs Tigers,8
20230514,Cubs vs Twins,19
20230514,Astros vs White Sox,7
20230514,Royals vs Brewers,15
20230514,Phillies vs Rockies,4
20230514,Rangers vs Athletics,14
20230514,Padres vs Dodgers,4
20230514,Giants vs Diamondbacks,3
20230514,Mets vs Nationals,10
20230514,Cardinals vs Red Sox,10
20230515,Mets vs Nationals,13
20230515,Angels vs Orioles,14
20230515,Yankees vs Blue Jays,11
20230515,Mariners vs Red Sox,11
20230515,Brewers vs Cardinals,19
20230515,Braves vs Rangers,12
20230515,Cubs vs Astros,10
20230515,Reds vs Rockies,17
20230515,Diamondbacks vs Athletics,7
20230515,Royals vs Padres,4
20230515,Phillies vs Giants,9
20230515,Twins vs Dodgers,17
20230516,Angels vs Orioles,10
20230516,Pirates vs Tigers,4
20230516,Nationals vs Marlins,9
20230516,Yankees vs Blue Jays,9
20230516,Mariners vs Red Sox,13
20230516,Rays vs Mets,13
20230516,Brewers vs Cardinals,5
20230516,Braves vs Rangers,11
20230516,Cubs vs Astros,10
20230516,Guardians vs White Sox,11
20230516,Reds vs Rockies,4
20230516,Diamondbacks vs Athletics,17
20230516,Royals vs Padres,9
20230516,Phillies vs Giants,7
20230516,Twins vs Dodgers,6
20230517,Pirates vs Tigers,8
20230517,Twins vs Dodgers,10
20230517,Reds vs Rockies,17
20230517,Diamondbacks vs Athletics,8
20230517,Phillies vs Giants,11
20230517,Royals vs Padres,7
20230517,Angels vs Orioles,4
20230517,Nationals vs Marlins,7
20230517,Yankees vs Blue Jays,3
20230517,Mariners vs Red Sox,15
20230517,Rays vs Mets,15
20230517,Brewers vs Cardinals,3
20230517,Braves vs Rangers,11
20230517,Cubs vs Astros,13
20230517,Guardians vs White Sox,9
20230518,Angels vs Orioles,11
20230518,Rays vs Mets,5
20230518,Nationals vs Marlins,8
20230518,Guardians vs White Sox,4
20230518,Yankees vs Blue Jays,6
20230518,Dodgers vs Cardinals,24
20230519,Diamondbacks vs Pirates,16
20230519,Brewers vs Rays,1
20230519,Yankees vs Reds,8
20230519,Cubs vs Phillies,11
20230519,Tigers vs Nationals,14
20230519,Orioles vs Blue Jays,8
20230519,Guardians vs Mets,19
20230519,Mariners vs Braves,8
20230519,Rockies vs Rangers,9
20230519,Royals vs White Sox,2
20230519,Athletics vs Astros,6
20230519,Dodgers vs Cardinals,5
20230519,Twins vs Angels,9
20230519,Red Sox vs Padres,7
20230519,Marlins vs Giants,7
20230520,Royals vs White Sox,6
20230520,Orioles vs Blue Jays,11
20230520,Cubs vs Phillies,15
20230520,Rockies vs Rangers,16
20230520,Tigers vs Nationals,7
20230520,Marlins vs Giants,1
20230520,Diamondbacks vs Pirates,7
20230520,Brewers vs Rays,12
20230520,Yankees vs Reds,11
20230520,Athletics vs Astros,5
20230520,Dodgers vs Cardinals,11
20230520,Mariners vs Braves,10
20230520,Twins vs Angels,8
20230520,Red Sox vs Padres,6
20230521,Yankees vs Reds,5
20230521,Cubs vs Phillies,3
20230521,Tigers vs Nationals,10
20230521,Mariners vs Braves,5
20230521,Diamondbacks vs Pirates,11
20230521,Orioles vs Blue Jays,11
20230521,Brewers vs Rays,10
20230521,Guardians vs Mets,9
20230521,Royals vs White Sox,7
20230521,Athletics vs Astros,2
20230521,Dodgers vs Cardinals,15
20230521,Rockies vs Rangers,16
20230521,Marlins vs Giants,12
20230521,Twins vs Angels,6
20230521,Red Sox vs Padres,7
20230521,Guardians vs Mets,3
20230522,White Sox vs Guardians,3
20230522,Rangers vs Pirates,10
20230522,Diamondbacks vs Phillies,9
20230522,Cardinals vs Reds,11
20230522,Blue Jays vs Rays,10
20230522,Dodgers vs Braves,14
20230522,Tigers vs Royals,13
20230522,Astros vs Brewers,14
20230522,Giants vs Twins,5
20230522,Marlins vs Rockies,8
20230522,Red Sox vs Angels,3
20230522,Athletics vs Mariners,13
20230523,White Sox vs Guardians,6
20230523,Rangers vs Pirates,7
20230523,Diamondbacks vs Phillies,7
20230523,Cardinals vs Reds,13
20230523,Blue Jays vs Rays,21
20230523,Orioles vs Yankees,11
20230523,Padres vs Nationals,11
20230523,Dodgers vs Braves,9
20230523,Tigers vs Royals,5
20230523,Astros vs Brewers,6
20230523,Mets vs Cubs,9
20230523,Giants vs Twins,7
20230523,Marlins vs Rockies,9
20230523,Red Sox vs Angels,4
20230523,Athletics vs Mariners,5
20230524,Rangers vs Pirates,5
20230524,Diamondbacks vs Phillies,11
20230524,White Sox vs Guardians,6
20230524,Astros vs Brewers,4
20230524,Giants vs Twins,8
20230524,Cardinals vs Reds,13
20230524,Blue Jays vs Rays,10
20230524,Orioles vs Yankees,15
20230524,Padres vs Nationals,8
20230524,Dodgers vs Braves,7
20230524,Tigers vs Royals,10
20230524,Mets vs Cubs,6
20230524,Marlins vs Rockies,12
20230524,Red Sox vs Angels,10
20230524,Athletics vs Mariners,7
20230525,Cardinals vs Reds,3
20230525,Blue Jays vs Rays,9
20230525,Marlins vs Rockies,13
20230525,Padres vs Nationals,14
20230525,White Sox vs Tigers,9
20230525,Orioles vs Yankees,4
20230525,Phillies vs Braves,13
20230525,Mets vs Cubs,11
20230525,Giants vs Brewers,5
20230525,Athletics vs Mariners,5
20230526,Reds vs Cubs,9
20230526,White Sox vs Tigers,15
20230526,Dodgers vs Rays,12
20230526,Padres vs Yankees,6
20230526,Rangers vs Orioles,14
20230526,Cardinals vs Guardians,7
20230526,Phillies vs Braves,10
20230526,Giants vs Brewers,16
20230526,Blue Jays vs Twins,4
20230526,Nationals vs Royals,22
20230526,Mets vs Rockies,7
20230526,Marlins vs Angels,8
20230526,Red Sox vs Diamondbacks,9
20230526,Astros vs Athletics,7
20230526,Pirates vs Mariners,17
20230527,Padres vs Yankees,5
20230527,White Sox vs Tigers,10
20230527,Blue Jays vs Twins,16
20230527,Rangers vs Orioles,8
20230527,Astros vs Athletics,9
20230527,Dodgers vs Rays,11
20230527,Phillies vs Braves,3
20230527,Pirates vs Mariners,5
20230527,Giants vs Brewers,4
20230527,Nationals vs Royals,6
20230527,Red Sox vs Diamondbacks,3
20230527,Reds vs Cubs,13
20230527,Cardinals vs Guardians,3
20230527,Mets vs Rockies,17
20230527,Marlins vs Angels,13
20230528,Dodgers vs Rays,21
20230528,Padres vs Yankees,17
20230528,Rangers vs Orioles,5
20230528,White Sox vs Tigers,11
20230528,Cardinals vs Guardians,7
20230528,Giants vs Brewers,12
20230528,Blue Jays vs Twins,3
20230528,Nationals vs Royals,5
20230528,Reds vs Cubs,13
20230528,Mets vs Rockies,21
20230528,Astros vs Athletics,11
20230528,Marlins vs Angels,2
20230528,Red Sox vs Diamondbacks,6
20230528,Pirates vs Mariners,9
20230528,Phillies vs Braves,15
20230529,Guardians vs Orioles,5
20230529,Rangers vs Tigers,5
20230529,Royals vs Cardinals,7
20230529,Rays vs Cubs,1
20230529,Rockies vs Diamondbacks,12
20230529,Twins vs Astros,12
20230529,Pirates vs Giants,18
20230529,Braves vs Athletics,9
20230529,Angels vs White Sox,10
20230529,Nationals vs Dodgers,7
20230529,Yankees vs Mariners,14
20230530,Padres vs Marlins,13
20230530,Rangers vs Tigers,16
20230530,Guardians vs Orioles,13
20230530,Brewers vs Blue Jays,9
20230530,Reds vs Red Sox,17
20230530,Phillies vs Mets,2
20230530,Royals vs Cardinals,3
20230530,Rays vs Cubs,3
20230530,Angels vs White Sox,10
20230530,Twins vs Astros,6
20230530,Braves vs Athletics,3
20230530,Rockies vs Diamondbacks,6
20230530,Yankees vs Mariners,12
20230530,Pirates vs Giants,3
20230530,Nationals vs Dodgers,12
20230531,Rangers vs Tigers,5
20230531,Angels vs White Sox,17
20230531,Rays vs Cubs,7
20230531,Guardians vs Orioles,20
20230531,Braves vs Athletics,6
20230531,Pirates vs Giants,13
20230531,Nationals vs Dodgers,16
20230531,Padres vs Marlins,3
20230531,Brewers vs Blue Jays,6
20230531,Reds vs Red Sox,9
20230531,Phillies vs Mets,5
20230531,Twins vs Astros,10
20230531,Rockies vs Diamondbacks,6
20230531,Yankees vs Mariners,1
20230601,Brewers vs Blue Jays,4
20230601,Phillies vs Mets,6
20230601,Padres vs Marlins,11
20230601,Rockies vs Diamondbacks,9
20230601,Reds vs Red Sox,10
20230601,Guardians vs Twins,13
20230601,Angels vs Astros,7
20230602,Brewers vs Reds,9
20230602,Athletics vs Marlins,4
20230602,Phillies vs Nationals,15
20230602,Cardinals vs Pirates,12
20230602,Blue Jays vs Mets,3
20230602,Mariners vs Rangers,2
20230602,Angels vs Astros,8
20230602,Guardians vs Twins,1
20230602,Rockies vs Royals,9
20230602,Tigers vs White Sox,3
20230602,Braves vs Diamondbacks,5
20230602,Cubs vs Padres,3
20230602,Yankees vs Dodgers,12
20230602,Orioles vs Giants,5
20230603,Rays vs Red Sox,13
20230603,Tigers vs White Sox,3
20230603,Phillies vs Nationals,6
20230603,Mariners vs Rangers,22
20230603,Cardinals vs Pirates,7
20230603,Angels vs Astros,15
20230603,Rockies vs Royals,10
20230603,Brewers vs Reds,18
20230603,Athletics vs Marlins,13
20230603,Blue Jays vs Mets,3
20230603,Rays vs Red Sox,6
20230603,Guardians vs Twins,6
20230603,Yankees vs Dodgers,9
20230603,Orioles vs Giants,4
20230603,Braves vs Diamondbacks,7
20230603,Cubs vs Padres,6
20230604,Cardinals vs Pirates,3
20230604,Phillies vs Nationals,14
20230604,Rays vs Red Sox,8
20230604,Brewers vs Reds,6
20230604,Athletics vs Marlins,12
20230604,Blue Jays vs Mets,10
20230604,Angels vs Astros,3
20230604,Guardians vs Twins,3
20230604,Rockies vs Royals,2
20230604,Tigers vs White Sox,8
20230604,Mariners vs Rangers,15
20230604,Orioles vs Giants,11
20230604,Braves vs Diamondbacks,13
20230604,Cubs vs Padres,8
20230604,Yankees vs Dodgers,5
20230605,Rays vs Red Sox,5
20230605,Tigers vs Phillies,11
20230605,Royals vs Marlins,15
20230605,Athletics vs Pirates,9
20230605,Astros vs Blue Jays,15
20230605,Brewers vs Reds,2
20230605,Cardinals vs Rangers,7
20230605,Cubs vs Padres,5
20230606,Tigers vs Phillies,1
20230606,Royals vs Marlins,7
20230606,Twins vs Rays,7
20230606,Diamondbacks vs Nationals,15
20230606,White Sox vs Yankees,5
20230606,Athletics vs Pirates,13
20230606,Astros vs Blue Jays,6
20230606,Red Sox vs Guardians,9
20230606,Dodgers vs Reds,17
20230606,Mets vs Braves,10
20230606,Orioles vs Brewers,7
20230606,Cardinals vs Rangers,10
20230606,Giants vs Rockies,14
20230606,Cubs vs Angels,11
20230606,Mariners vs Padres,5
20230607,Athletics vs Pirates,14
20230607,Mariners vs Padres,13
20230607,Royals vs Marlins,7
20230607,Twins vs Rays,3
20230607,Diamondbacks vs Nationals,8
20230607,Astros vs Blue Jays,5
20230607,Red Sox vs Guardians,7
20230607,Dodgers vs Reds,14
20230607,Mets vs Braves,12
20230607,Orioles vs Brewers,12
20230607,Cardinals vs Rangers,1
20230607,Giants vs Rockies,9
20230607,Cubs vs Angels,8
20230608,Dodgers vs Reds,6
20230608,Twins vs Rays,6
20230608,Orioles vs Brewers,9
20230608,Giants vs Rockies,10
20230608,White Sox vs Yankees,11
20230608,Tigers vs Phillies,5
20230608,Astros vs Blue Jays,5
20230608,Red Sox vs Guardians,13
20230608,Mets vs Braves,23
20230608,White Sox vs Yankees,3
20230608,Cubs vs Angels,4
20230609,Diamondbacks vs Tigers,17
20230609,Rangers vs Rays,11
20230609,Red Sox vs Yankees,5
20230609,Royals vs Orioles,5
20230609,Dodgers vs Phillies,9
20230609,Mets vs Pirates,21
20230609,Twins vs Blue Jays,5
20230609,Astros vs Guardians,19
20230609,Nationals vs Braves,5
20230609,Marlins vs White Sox,3
20230609,Athletics vs Brewers,7
20230609,Reds vs Cardinals,11
20230609,Padres vs Rockies,15
20230609,Mariners vs Angels,9
20230609,Cubs vs Giants,5
20230610,Diamondbacks vs Tigers,5
20230610,Marlins vs White Sox,6
20230610,Reds vs Cardinals,12
20230610,Twins vs Blue Jays,13
20230610,Padres vs Rockies,5
20230610,Royals vs Orioles,7
20230610,Dodgers vs Phillies,9
20230610,Mets vs Pirates,6
20230610,Athletics vs Brewers,3
20230610,Rangers vs Rays,12
20230610,Nationals vs Braves,10
20230610,Astros vs Guardians,10
20230610,Red Sox vs Yankees,4
20230610,Cubs vs Giants,4
20230610,Mariners vs Angels,8
20230611,Diamondbacks vs Tigers,12
20230611,Astros vs Guardians,5
20230611,Royals vs Orioles,14
20230611,Dodgers vs Phillies,10
20230611,Nationals vs Braves,8
20230611,Mets vs Pirates,3
20230611,Twins vs Blue Jays,13
20230611,Rangers vs Rays,10
20230611,Marlins vs White Sox,11
20230611,Athletics vs Brewers,14
20230611,Reds vs Cardinals,7
20230611,Padres vs Rockies,9
20230611,Cubs vs Giants,16
20230611,Mariners vs Angels,13
20230611,Red Sox vs Yankees,5
20230612,Braves vs Tigers,11
20230612,Rockies vs Red Sox,7
20230612,Giants vs Cardinals,7
20230612,Angels vs Rangers,15
20230612,Reds vs Royals,9
20230612,Marlins vs Mariners,9
20230612,Phillies vs Diamondbacks,17
20230612,Rays vs Athletics,7
20230613,Blue Jays vs Orioles,17
20230613,Rockies vs Red Sox,13
20230613,Yankees vs Mets,13
20230613,Brewers vs Twins,12
20230613,Giants vs Cardinals,14
20230613,Angels vs Rangers,10
20230613,Pirates vs Cubs,14
20230613,Reds vs Royals,9
20230613,Nationals vs Astros,7
20230613,Marlins vs Mariners,12
20230613,Phillies vs Diamondbacks,18
20230613,Rays vs Athletics,3
20230613,Guardians vs Padres,9
20230613,White Sox vs Dodgers,6
20230614,Braves vs Tigers,17
20230614,Brewers vs Twins,6
20230614,Giants vs Cardinals,13
20230614,Braves vs Tigers,11
20230614,Yankees vs Mets,7
20230614,Blue Jays vs Orioles,4
20230614,Rockies vs Red Sox,9
20230614,Angels vs Rangers,9
20230614,Pirates vs Cubs,16
20230614,Reds vs Royals,11
20230614,Nationals vs Astros,9
20230614,Marlins vs Mariners,5
20230614,Phillies vs Diamondbacks,7
20230614,Rays vs Athletics,9
20230614,Guardians vs Padres,5
20230614,White Sox vs Dodgers,12
20230615,Blue Jays vs Orioles,6
20230615,Rays vs Athletics,7
20230615,Phillies vs Diamondbacks,9
20230615,Tigers vs Twins,12
20230615,Rockies vs Braves,11
20230615,Angels vs Rangers,8
20230615,Pirates vs Cubs,9
20230615,Nationals vs Astros,5
20230615,Guardians vs Padres,14
20230615,White Sox vs Dodgers,9
20230616,Orioles vs Cubs,13
20230616,Marlins vs Nationals,11
20230616,Yankees vs Red Sox,20
20230616,Cardinals vs Mets,7
20230616,Rockies vs Braves,9
20230616,Blue Jays vs Rangers,3
20230616,Angels vs Royals,3
20230616,Reds vs Astros,3
20230616,Tigers vs Twins,8
20230616,Pirates vs Brewers,9
20230616,Guardians vs Diamondbacks,6
20230616,Phillies vs Athletics,7
20230616,Rays vs Padres,8
20230616,White Sox vs Mariners,5
20230616,Giants vs Dodgers,12
20230617,Tigers vs Twins,2
20230617,Orioles vs Cubs,5
20230617,Marlins vs Nationals,7
20230617,Blue Jays vs Rangers,6
20230617,Phillies vs Athletics,5
20230617,Angels vs Royals,19
20230617,White Sox vs Mariners,7
20230617,Reds vs Astros,13
20230617,Rockies vs Braves,12
20230617,Pirates vs Brewers,5
20230617,Cardinals vs Mets,8
20230617,Rays vs Padres,2
20230617,Giants vs Dodgers,15
20230617,Guardians vs Diamondbacks,9
20230618,Orioles vs Cubs,9
20230618,Rockies vs Braves,20
20230618,Marlins vs Nationals,6
20230618,Yankees vs Red Sox,8
20230618,Cardinals vs Mets,15
20230618,Angels vs Royals,7
20230618,Reds vs Astros,16
20230618,Tigers vs Twins,10
20230618,Pirates vs Brewers,7
20230618,Blue Jays vs Rangers,18
20230618,Phillies vs Athletics,5
20230618,White Sox vs Mariners,6
20230618,Guardians vs Diamondbacks,15
20230618,Giants vs Dodgers,10
20230618,Rays vs Padres,9
20230618,Yankees vs Red Sox,5
20230619,Cardinals vs Nationals,14
20230619,Royals vs Tigers,10
20230619,Blue Jays vs Marlins,11
20230619,Cubs vs Pirates,8
20230619,Rockies vs Reds,9
20230619,Red Sox vs Twins,12
20230619,Diamondbacks vs Brewers,10
20230619,Mets vs Astros,12
20230619,Rangers vs White Sox,7
20230619,Padres vs Giants,11
20230620,Braves vs Phillies,6
20230620,Orioles vs Rays,14
20230620,Royals vs Tigers,1
20230620,Blue Jays vs Marlins,2
20230620,Mariners vs Yankees,4
20230620,Cardinals vs Nationals,12
20230620,Cubs vs Pirates,4
20230620,Rockies vs Reds,14
20230620,Athletics vs Guardians,5
20230620,Red Sox vs Twins,14
20230620,Diamondbacks vs Brewers,12
20230620,Mets vs Astros,6
20230620,Rangers vs White Sox,13
20230620,Padres vs Giants,7
20230620,Dodgers vs Angels,2
20230621,Orioles vs Rays,9
20230621,Blue Jays vs Marlins,9
20230621,Rockies vs Reds,8
20230621,Cubs vs Pirates,11
20230621,Royals vs Tigers,13
20230621,Diamondbacks vs Brewers,6
20230621,Mets vs Astros,18
20230621,Cardinals vs Nationals,3
20230621,Mariners vs Yankees,6
20230621,Athletics vs Guardians,13
20230621,Red Sox vs Twins,9
20230621,Rangers vs White Sox,9
20230621,Dodgers vs Angels,2
20230621,Padres vs Giants,6
20230622,Braves vs Phillies,6
20230622,Diamondbacks vs Nationals,8
20230622,Red Sox vs Twins,6
20230622,Athletics vs Guardians,7
20230622,Padres vs Giants,10
20230622,Royals vs Rays,11
20230622,Pirates vs Marlins,10
20230622,Mariners vs Yankees,12
20230623,Braves vs Reds,21
20230623,Royals vs Rays,14
20230623,Twins vs Tigers,5
20230623,Pirates vs Marlins,4
20230623,Mets vs Phillies,6
20230623,Mariners vs Orioles,14
20230623,Rangers vs Yankees,6
20230623,Athletics vs Blue Jays,9
20230623,Brewers vs Guardians,8
20230623,Red Sox vs White Sox,4
20230623,Angels vs Rockies,11
20230623,Nationals vs Padres,16
20230623,Astros vs Dodgers,5
20230623,Diamondbacks vs Giants,13
20230624,Cubs vs Cardinals,10
20230624,Diamondbacks vs Giants,13
20230624,Mets vs Phillies,6
20230624,Mariners vs Orioles,10
20230624,Rangers vs Yankees,1
20230624,Athletics vs Blue Jays,10
20230624,Braves vs Reds,13
20230624,Red Sox vs White Sox,9
20230624,Royals vs Rays,13
20230624,Brewers vs Guardians,6
20230624,Pirates vs Marlins,7
20230624,Astros vs Dodgers,15
20230624,Twins vs Tigers,5
20230624,Nationals vs Padres,2
20230624,Angels vs Rockies,26
20230625,Cubs vs Cardinals,12
20230625,Twins vs Tigers,9
20230625,Mets vs Phillies,13
20230625,Mariners vs Orioles,5
20230625,Rangers vs Yankees,8
20230625,Athletics vs Blue Jays,13
20230625,Braves vs Reds,13
20230625,Royals vs Rays,4
20230625,Brewers vs Guardians,9
20230625,Pirates vs Marlins,2
20230625,Red Sox vs White Sox,5
20230625,Angels vs Rockies,7
20230625,Diamondbacks vs Giants,7
20230625,Nationals vs Padres,11
20230625,Astros vs Dodgers,11
20230626,Reds vs Orioles,13
20230626,Brewers vs Mets,3
20230626,Twins vs Braves,5
20230626,Tigers vs Rangers,9
20230626,White Sox vs Angels,3
20230626,Nationals vs Mariners,12
20230627,Reds vs Orioles,4
20230627,Padres vs Pirates,13
20230627,Giants vs Blue Jays,3
20230627,Marlins vs Red Sox,11
20230627,Brewers vs Mets,9
20230627,Twins vs Braves,8
20230627,Astros vs Cardinals,6
20230627,Tigers vs Rangers,11
20230627,Phillies vs Cubs,6
20230627,Guardians vs Royals,3
20230627,Dodgers vs Rockies,5
20230627,White Sox vs Angels,6
20230627,Yankees vs Athletics,3
20230627,Rays vs Diamondbacks,12
20230627,Nationals vs Mariners,11
20230628,Twins vs Braves,3
20230628,Nationals vs Mariners,5
20230628,Reds vs Orioles,18
20230628,Padres vs Pirates,8
20230628,Giants vs Blue Jays,7
20230628,Marlins vs Red Sox,8
20230628,Brewers vs Mets,7
20230628,Astros vs Cardinals,17
20230628,Tigers vs Rangers,12
20230628,Phillies vs Cubs,13
20230628,Guardians vs Royals,15
20230628,Dodgers vs Rockies,17
20230628,White Sox vs Angels,16
20230628,Yankees vs Athletics,11
20230628,Rays vs Diamondbacks,5
20230629,Padres vs Pirates,9
20230629,Tigers vs Rangers,13
20230629,Guardians vs Royals,7
20230629,Yankees vs Athletics,14
20230629,Rays vs Diamondbacks,7
20230629,White Sox vs Angels,16
20230629,Marlins vs Red Sox,2
20230629,Giants vs Blue Jays,3
20230629,Brewers vs Mets,5
20230629,Astros vs Cardinals,14
20230629,Phillies vs Cubs,4
20230629,Dodgers vs Rockies,17
20230630,Guardians vs Cubs,11
20230630,Padres vs Reds,12
20230630,Nationals vs Phillies,3
20230630,Twins vs Orioles,9
20230630,Brewers vs Pirates,15
20230630,Red Sox vs Blue Jays,5
20230630,Giants vs Mets,9
20230630,Marlins vs Braves,20
20230630,Astros vs Rangers,8
20230630,Dodgers vs Royals,12
20230630,Tigers vs Rockies,13
20230630,Diamondbacks vs Angels,8
20230630,White Sox vs Athletics,11
20230630,Rays vs Mariners,19
20230701,Padres vs Reds,17
20230701,Yankees vs Cardinals,15
20230701,Red Sox vs Blue Jays,13
20230701,Astros vs Rangers,7
20230701,Twins vs Orioles,1
20230701,Nationals vs Phillies,23
20230701,Brewers vs Pirates,19
20230701,White Sox vs Athletics,13
20230701,Marlins vs Braves,7
20230701,Giants vs Mets,5
20230701,Guardians vs Cubs,6
20230701,Dodgers vs Royals,10
20230701,Rays vs Mariners,11
20230701,Yankees vs Cardinals,8
20230701,Tigers vs Rockies,6
20230701,Diamondbacks vs Angels,4
20230702,Twins vs Orioles,3
20230702,Marlins vs Braves,9
20230702,Nationals vs Phillies,9
20230702,Brewers vs Pirates,9
20230702,Red Sox vs Blue Jays,9
20230702,Padres vs Reds,7
20230702,Dodgers vs Royals,10
20230702,Yankees vs Cardinals,6
20230702,Astros vs Rangers,8
20230702,Tigers vs Rockies,23
20230702,Diamondbacks vs Angels,7
20230702,White Sox vs Athletics,15
20230702,Rays vs Mariners,13
20230702,Guardians vs Cubs,14
20230702,Giants vs Mets,12
20230703,Astros vs Rangers,23
20230703,Cubs vs Brewers,14
20230703,Reds vs Nationals,5
20230703,Cardinals vs Marlins,9
20230703,Orioles vs Yankees,9
20230703,Braves vs Guardians,6
20230703,Royals vs Twins,12
20230703,Angels vs Padres,13
20230703,Mariners vs Giants,11
20230703,Pirates vs Dodgers,7
20230704,Reds vs Nationals,12
20230704,Orioles vs Yankees,12
20230704,Cardinals vs Marlins,17
20230704,Rangers vs Red Sox,8
20230704,Royals vs Twins,12
20230704,Cubs vs Brewers,13
20230704,Rockies vs Astros,5
20230704,Mets vs Diamondbacks,13
20230704,Phillies vs Rays,4
20230704,Mariners vs Giants,6
20230704,Athletics vs Tigers,1
20230704,Angels vs Padres,13
20230704,Braves vs Guardians,11
20230704,Blue Jays vs White Sox,7
20230704,Pirates vs Dodgers,16
20230705,Rockies vs Astros,10
20230705,Athletics vs Tigers,15
20230705,Phillies vs Rays,12
20230705,Cardinals vs Marlins,19
20230705,Orioles vs Yankees,9
20230705,Reds vs Nationals,11
20230705,Braves vs Guardians,9
20230705,Rangers vs Red Sox,6
20230705,Royals vs Twins,5
20230705,Cubs vs Brewers,7
20230705,Angels vs Padres,8
20230705,Mariners vs Giants,2
20230705,Mets vs Diamondbacks,3
20230705,Pirates vs Dodgers,10
20230706,Reds vs Nationals,9
20230706,Athletics vs Tigers,9
20230706,Cubs vs Brewers,11
20230706,Blue Jays vs White Sox,8
20230706,Phillies vs Rays,4
20230706,Cardinals vs Marlins,3
20230706,Orioles vs Yankees,15
20230706,Royals vs Guardians,7
20230706,Rangers vs Red Sox,16
20230706,Mariners vs Astros,6
20230706,Blue Jays vs White Sox,9
20230706,Mets vs Diamondbacks,9
20230706,Pirates vs Dodgers,7
20230707,Braves vs Rays,3
20230707,Phillies vs Marlins,7
20230707,Blue Jays vs Tigers,14
20230707,Cubs vs Yankees,3
20230707,Rangers vs Nationals,9
20230707,Royals vs Guardians,3
20230707,Athletics vs Red Sox,10
20230707,Orioles vs Twins,4
20230707,Reds vs Brewers,10
20230707,Mariners vs Astros,11
20230707,Cardinals vs White Sox,15
20230707,Pirates vs Diamondbacks,10
20230707,Mets vs Padres,12
20230707,Angels vs Dodgers,15
20230707,Rockies vs Giants,7
20230708,Cubs vs Yankees,9
20230708,Blue Jays vs Tigers,2
20230708,Orioles vs Twins,8
20230708,Cardinals vs White Sox,3
20230708,Rockies vs Giants,8
20230708,Rangers vs Nationals,11
20230708,Reds vs Brewers,13
20230708,Royals vs Guardians,16
20230708,Athletics vs Red Sox,13
20230708,Phillies vs Marlins,8
20230708,Pirates vs Diamondbacks,5
20230708,Braves vs Rays,7
20230708,Mariners vs Astros,5
20230708,Angels vs Dodgers,15
20230708,Mets vs Padres,4
20230709,Rangers vs Nationals,9
20230709,Cubs vs Yankees,11
20230709,Athletics vs Red Sox,7
20230709,Braves vs Rays,14
20230709,Royals vs Guardians,5
20230709,Phillies vs Marlins,10
20230709,Blue Jays vs Tigers,7
20230709,Orioles vs Twins,17
20230709,Reds vs Brewers,1
20230709,Mariners vs Astros,4
20230709,Cardinals vs White Sox,7
20230709,Rockies vs Giants,1
20230709,Pirates vs Diamondbacks,6
20230709,Mets vs Padres,8
20230711,National vs American,5
20230714,Padres vs Phillies,11
20230714,Marlins vs Orioles,7
20230714,Giants vs Pirates,10
20230714,Diamondbacks vs Blue Jays,9
20230714,Dodgers vs Mets,6
20230714,Brewers vs Reds,1
20230714,White Sox vs Braves,9
20230714,Red Sox vs Cubs,11
20230714,Guardians vs Rangers,16
20230714,Nationals vs Cardinals,12
20230714,Yankees vs Rockies,9
20230714,Astros vs Angels,12
20230714,Twins vs Athletics,9
20230714,Tigers vs Mariners,9
20230715,Nationals vs Cardinals,12
20230715,Padres vs Phillies,10
20230715,Rays vs Royals,7
20230715,Red Sox vs Cubs,14
20230715,Diamondbacks vs Blue Jays,7
20230715,Guardians vs Rangers,2
20230715,Marlins vs Orioles,11
20230715,Padres vs Phillies,13
20230715,Giants vs Pirates,4
20230715,Twins vs Athletics,17
20230715,Brewers vs Reds,3
20230715,Rays vs Royals,6
20230715,White Sox vs Braves,11
20230715,Dodgers vs Mets,6
20230715,Nationals vs Cardinals,15
20230715,Yankees vs Rockies,9
20230715,Astros vs Angels,25
20230715,Tigers vs Mariners,6
20230716,Giants vs Pirates,12
20230716,White Sox vs Braves,9
20230716,Marlins vs Orioles,9
20230716,Padres vs Phillies,13
20230716,Diamondbacks vs Blue Jays,12
20230716,Brewers vs Reds,7
20230716,Rays vs Royals,12
20230716,Nationals vs Cardinals,12
20230716,Red Sox vs Cubs,16
20230716,Guardians vs Rangers,11
20230716,Yankees vs Rockies,15
20230716,Twins vs Athletics,9
20230716,Tigers vs Mariners,2
20230716,Dodgers vs Mets,3
20230716,Astros vs Angels,17
20230717,Dodgers vs Orioles,10
20230717,Guardians vs Pirates,11
20230717,Giants vs Reds,6
20230717,Marlins vs Cardinals,10
20230717,Rays vs Rangers,5
20230717,Nationals vs Cubs,12
20230717,Tigers vs Royals,5
20230717,Yankees vs Angels,7
20230717,Red Sox vs Athletics,7
20230717,Twins vs Mariners,13
20230718,Giants vs Reds,6
20230718,Brewers vs Phillies,7
20230718,Dodgers vs Orioles,13
20230718,Guardians vs Pirates,11
20230718,Padres vs Blue Jays,10
20230718,White Sox vs Mets,21
20230718,Diamondbacks vs Braves,29
20230718,Giants vs Reds,21
20230718,Marlins vs Cardinals,7
20230718,Rays vs Rangers,8
20230718,Nationals vs Cubs,20
20230718,Tigers vs Royals,21
20230718,Astros vs Rockies,7
20230718,Yankees vs Angels,6
20230718,Red Sox vs Athletics,3
20230718,Twins vs Mariners,13
20230719,Guardians vs Pirates,12
20230719,Dodgers vs Orioles,13
20230719,Rays vs Rangers,6
20230719,Marlins vs Cardinals,10
20230719,Astros vs Rockies,5
20230719,Red Sox vs Athletics,11
20230719,Brewers vs Phillies,8
20230719,Yankees vs Angels,10
20230719,Padres vs Blue Jays,2
20230719,White Sox vs Mets,6
20230719,Giants vs Reds,5
20230719,Diamondbacks vs Braves,8
20230719,Nationals vs Cubs,11
20230719,Tigers vs Royals,5
20230719,Twins vs Mariners,9
20230720,Diamondbacks vs Braves,12
20230720,Brewers vs Phillies,4
20230720,Giants vs Reds,6
20230720,Padres vs Blue Jays,4
20230720,White Sox vs Mets,8
20230720,Tigers vs Royals,3
20230720,Twins vs Mariners,5
20230720,Orioles vs Rays,7
20230720,Cardinals vs Cubs,9
20230720,Astros vs Athletics,4
20230721,Cardinals vs Cubs,7
20230721,Orioles vs Rays,3
20230721,Rockies vs Marlins,7
20230721,Padres vs Tigers,9
20230721,Royals vs Yankees,9
20230721,Giants vs Nationals,8
20230721,Diamondbacks vs Reds,15
20230721,Mets vs Red Sox,9
20230721,Phillies vs Guardians,11
20230721,Dodgers vs Rangers,16
20230721,Braves vs Brewers,10
20230721,White Sox vs Twins,13
20230721,Pirates vs Angels,13
20230721,Astros vs Athletics,10
20230721,Blue Jays vs Mariners,5
20230722,Mets vs Red Sox,9
20230722,Royals vs Yankees,7
20230722,Rockies vs Marlins,7
20230722,Cardinals vs Cubs,14
20230722,Dodgers vs Rangers,19
20230722,Diamondbacks vs Reds,6
20230722,Orioles vs Rays,11
20230722,Blue Jays vs Mariners,17
20230722,Padres vs Tigers,17
20230722,Giants vs Nationals,11
20230722,Mets vs Red Sox,14
20230722,Phillies vs Guardians,1
20230722,Braves vs Brewers,7
20230722,White Sox vs Twins,5
20230722,Astros vs Athletics,5
20230722,Pirates vs Angels,3
20230723,Padres vs Tigers,4
20230723,Royals vs Yankees,13
20230723,Giants vs Nationals,7
20230723,Diamondbacks vs Reds,10
20230723,Orioles vs Rays,8
20230723,Rockies vs Marlins,5
20230723,Phillies vs Guardians,13
20230723,Braves vs Brewers,6
20230723,White Sox vs Twins,9
20230723,Cardinals vs Cubs,9
20230723,Dodgers vs Rangers,12
20230723,Astros vs Athletics,5
20230723,Pirates vs Angels,12
20230723,Blue Jays vs Mariners,7
20230723,Mets vs Red Sox,7
20230724,Giants vs Tigers,6
20230724,Orioles vs Phillies,5
20230724,Rockies vs Nationals,16
20230724,Royals vs Guardians,8
20230724,Mariners vs Twins,7
20230724,Reds vs Brewers,5
20230724,Rangers vs Astros,19
20230724,Cardinals vs Diamondbacks,16
20230724,Pirates vs Padres,12
20230724,Blue Jays vs Dodgers,9
20230725,Angels vs Tigers,13
20230725,Orioles vs Phillies,7
20230725,Marlins vs Rays,5
20230725,Rockies vs Nationals,11
20230725,Mets vs Yankees,12
20230725,Braves vs Red Sox,8
20230725,Royals vs Guardians,6
20230725,Mariners vs Twins,16
20230725,Cubs vs White Sox,10
20230725,Reds vs Brewers,7
20230725,Rangers vs Astros,7
20230725,Cardinals vs Diamondbacks,4
20230725,Pirates vs Padres,6
20230725,Athletics vs Giants,3
20230725,Blue Jays vs Dodgers,15
20230726,Rockies vs Nationals,9
20230726,Marlins vs Rays,8
20230726,Royals vs Guardians,11
20230726,Mariners vs Twins,15
20230726,Reds vs Brewers,3
20230726,Cardinals vs Diamondbacks,18
20230726,Blue Jays vs Dodgers,9
20230726,Pirates vs Padres,5
20230726,Orioles vs Phillies,10
20230726,Braves vs Red Sox,8
20230726,Mets vs Yankees,4
20230726,Cubs vs White Sox,17
20230726,Rangers vs Astros,18
20230726,Athletics vs Giants,11
20230727,Angels vs Tigers,6
20230727,Angels vs Tigers,15
20230727,Nationals vs Mets,3
20230727,Cubs vs Cardinals,13
20230727,Guardians vs White Sox,9
20230728,Tigers vs Marlins,11
20230728,Yankees vs Orioles,1
20230728,Phillies vs Pirates,3
20230728,Angels vs Blue Jays,5
20230728,Guardians vs White Sox,3
20230728,Nationals vs Mets,6
20230728,Brewers vs Braves,17
20230728,Twins vs Royals,13
20230728,Rays vs Astros,7
20230728,Cubs vs Cardinals,5
20230728,Athletics vs Rockies,13
20230728,Mariners vs Diamondbacks,7
20230728,Rangers vs Padres,8
20230728,Reds vs Dodgers,11
20230728,Red Sox vs Giants,5
20230729,Angels vs Blue Jays,7
20230729,Tigers vs Marlins,5
20230729,Phillies vs Pirates,13
20230729,Guardians vs White Sox,9
20230729,Twins vs Royals,17
20230729,Nationals vs Mets,17
20230729,Red Sox vs Giants,5
20230729,Cubs vs Cardinals,6
20230729,Yankees vs Orioles,11
20230729,Rays vs Astros,21
20230729,Brewers vs Braves,16
20230729,Mariners vs Diamondbacks,7
20230729,Athletics vs Rockies,14
20230729,Rangers vs Padres,4
20230729,Reds vs Dodgers,5
20230730,Angels vs Blue Jays,5
20230730,Brewers vs Braves,14
20230730,Phillies vs Pirates,10
20230730,Tigers vs Marlins,14
20230730,Nationals vs Mets,7
20230730,Guardians vs White Sox,5
20230730,Twins vs Royals,3
20230730,Rays vs Astros,10
20230730,Cubs vs Cardinals,3
20230730,Athletics vs Rockies,2
20230730,Red Sox vs Giants,7
20230730,Reds vs Dodgers,9
20230730,Mariners vs Diamondbacks,4
20230730,Rangers vs Padres,8
20230730,Yankees vs Orioles,12
20230731,Phillies vs Marlins,6
20230731,Brewers vs Nationals,8
20230731,Rays vs Yankees,6
20230731,Orioles vs Blue Jays,6
20230731,Angels vs Braves,5
20230731,Reds vs Cubs,11
20230731,Guardians vs Astros,10
20230731,Padres vs Rockies,7
20230731,Red Sox vs Mariners,8
20230731,Diamondbacks vs Giants,7
20230801,Phillies vs Marlins,4
20230801,Brewers vs Nationals,10
20230801,Rays vs Yankees,7
20230801,Tigers vs Pirates,5
20230801,Orioles vs Blue Jays,16
20230801,Angels vs Braves,6
20230801,Twins vs Cardinals,5
20230801,White Sox vs Rangers,2
20230801,Reds vs Cubs,29
20230801,Guardians vs Astros,2
20230801,Mets vs Royals,13
20230801,Padres vs Rockies,13
20230801,Red Sox vs Mariners,10
20230801,Diamondbacks vs Giants,7
20230801,Athletics vs Dodgers,10
20230802,Angels vs Braves,17
20230802,Tigers vs Pirates,9
20230802,Brewers vs Nationals,5
20230802,Guardians vs Astros,5
20230802,Padres vs Rockies,12
20230802,Red Sox vs Mariners,9
20230802,Phillies vs Marlins,17
20230802,Rays vs Yankees,9
20230802,Orioles vs Blue Jays,5
20230802,Twins vs Cardinals,10
20230802,White Sox vs Rangers,12
20230802,Reds vs Cubs,22
20230802,Mets vs Royals,4
20230802,Diamondbacks vs Giants,6
20230802,Athletics vs Dodgers,11
20230803,Phillies vs Marlins,6
20230803,White Sox vs Rangers,8
20230803,Mets vs Royals,11
20230803,Orioles vs Blue Jays,7
20230803,Diamondbacks vs Giants,1
20230803,Astros vs Yankees,7
20230803,Pirates vs Brewers,15
20230803,Twins vs Cardinals,8
20230803,Reds vs Cubs,8
20230803,Mariners vs Angels,8
20230803,Athletics vs Dodgers,10
20230804,Braves vs Cubs,8
20230804,Rays vs Tigers,8
20230804,Nationals vs Reds,9
20230804,Astros vs Yankees,10
20230804,Royals vs Phillies,12
20230804,Mets vs Orioles,13
20230804,White Sox vs Guardians,6
20230804,Blue Jays vs Red Sox,10
20230804,Marlins vs Rangers,8
20230804,Diamondbacks vs Twins,5
20230804,Pirates vs Brewers,12
20230804,Rockies vs Cardinals,13
20230804,Mariners vs Angels,16
20230804,Dodgers vs Padres,15
20230805,Astros vs Yankees,4
20230805,Rays vs Tigers,6
20230805,Braves vs Cubs,14
20230805,Marlins vs Rangers,17
20230805,Blue Jays vs Red Sox,9
20230805,Nationals vs Reds,10
20230805,Royals vs Phillies,15
20230805,Mets vs Orioles,10
20230805,Giants vs Athletics,3
20230805,White Sox vs Guardians,11
20230805,Pirates vs Brewers,5
20230805,Rockies vs Cardinals,8
20230805,Diamondbacks vs Twins,13
20230805,Dodgers vs Padres,11
20230805,Mariners vs Angels,5
20230806,White Sox vs Guardians,8
20230806,Astros vs Yankees,16
20230806,Royals vs Phillies,12
20230806,Mets vs Orioles,2
20230806,Blue Jays vs Red Sox,14
20230806,Rays vs Tigers,16
20230806,Nationals vs Reds,9
20230806,Diamondbacks vs Twins,8
20230806,Pirates vs Brewers,5
20230806,Rockies vs Cardinals,1
20230806,Braves vs Cubs,10
20230806,Marlins vs Rangers,6
20230806,Mariners vs Angels,5
20230806,Giants vs Athletics,14
20230806,Dodgers vs Padres,10
20230807,Dodgers vs Padres,20
20230807,Marlins vs Reds,7
20230807,Twins vs Tigers,12
20230807,Braves vs Pirates,13
20230807,Cubs vs Mets,13
20230807,Royals vs Red Sox,8
20230807,Blue Jays vs Guardians,4
20230807,Rockies vs Brewers,13
20230807,Yankees vs White Sox,6
20230807,Giants vs Angels,11
20230807,Rangers vs Athletics,8
20230808,Nationals vs Phillies,12
20230808,Marlins vs Reds,5
20230808,Twins vs Tigers,6
20230808,Cardinals vs Rays,6
20230808,Astros vs Orioles,13
20230808,Braves vs Pirates,14
20230808,Cubs vs Mets,5
20230808,Royals vs Red Sox,12
20230808,Blue Jays vs Guardians,1
20230808,Nationals vs Phillies,9
20230808,Rockies vs Brewers,10
20230808,Yankees vs White Sox,8
20230808,Giants vs Angels,12
20230808,Dodgers vs Diamondbacks,9
20230808,Padres vs Mariners,2
20230808,Rangers vs Athletics,7
20230809,Marlins vs Reds,9
20230809,Rockies vs Brewers,13
20230809,Rangers vs Athletics,2
20230809,Twins vs Tigers,14
20230809,Cardinals vs Rays,10
20230809,Nationals vs Phillies,7
20230809,Astros vs Orioles,10
20230809,Braves vs Pirates,11
20230809,Cubs vs Mets,7
20230809,Royals vs Red Sox,7
20230809,Blue Jays vs Guardians,1
20230809,Yankees vs White Sox,11
20230809,Giants vs Angels,5
20230809,Dodgers vs Diamondbacks,2
20230809,Padres vs Mariners,7
20230810,Astros vs Orioles,9
20230810,Braves vs Pirates,12
20230810,Twins vs Tigers,3
20230810,Blue Jays vs Guardians,7
20230810,Cardinals vs Rays,7
20230810,Nationals vs Phillies,8
20230810,Royals vs Red Sox,2
20230810,Rockies vs Dodgers,3
20230811,Guardians vs Rays,17
20230811,Yankees vs Marlins,13
20230811,Twins vs Phillies,15
20230811,Athletics vs Nationals,10
20230811,Reds vs Pirates,11
20230811,Cubs vs Blue Jays,8
20230811,Braves vs Mets,7
20230811,Tigers vs Red Sox,7
20230811,Angels vs Astros,14
20230811,Brewers vs White Sox,13
20230811,Cardinals vs Royals,20
20230811,Padres vs Diamondbacks,15
20230811,Orioles vs Mariners,11
20230811,Rockies vs Dodgers,7
20230811,Rangers vs Giants,3
20230812,Braves vs Mets,24
20230812,Cubs vs Blue Jays,9
20230812,Guardians vs Rays,11
20230812,Tigers vs Red Sox,8
20230812,Yankees vs Marlins,4
20230812,Twins vs Phillies,9
20230812,Athletics vs Nationals,5
20230812,Angels vs Astros,14
20230812,Braves vs Mets,6
20230812,Brewers vs White Sox,5
20230812,Cardinals vs Royals,9
20230812,Padres vs Diamondbacks,3
20230812,Rangers vs Giants,12
20230812,Rockies vs Dodgers,5
20230812,Orioles vs Mariners,1
20230813,Tigers vs Red Sox,9
20230813,Twins vs Phillies,3
20230813,Athletics vs Nationals,15
20230813,Reds vs Pirates,6
20230813,Cubs vs Blue Jays,15
20230813,Guardians vs Rays,11
20230813,Yankees vs Marlins,15
20230813,Angels vs Astros,3
20230813,Brewers vs White Sox,10
20230813,Rangers vs Giants,5
20230813,Orioles vs Mariners,8
20230813,Rockies vs Dodgers,11
20230813,Padres vs Diamondbacks,9
20230813,Reds vs Pirates,11
20230813,Braves vs Mets,13
20230814,Astros vs Marlins,6
20230814,Pirates vs Mets,9
20230814,Yankees vs Braves,14
20230814,Athletics vs Cardinals,12
20230814,Angels vs Rangers,12
20230814,Mariners vs Royals,13
20230814,Diamondbacks vs Rockies,10
20230814,Orioles vs Padres,5
20230814,Rays vs Giants,12
20230815,Guardians vs Reds,3
20230815,Astros vs Marlins,11
20230815,Red Sox vs Nationals,9
20230815,Phillies vs Blue Jays,3
20230815,Pirates vs Mets,11
20230815,Yankees vs Braves,5
20230815,Tigers vs Twins,8
20230815,Athletics vs Cardinals,8
20230815,Angels vs Rangers,10
20230815,White Sox vs Cubs,8
20230815,Mariners vs Royals,18
20230815,Diamondbacks vs Rockies,13
20230815,Orioles vs Padres,13
20230815,Rays vs Giants,7
20230815,Brewers vs Dodgers,8
20230816,Tigers vs Twins,15
20230816,Pirates vs Mets,11
20230816,Diamondbacks vs Rockies,16
20230816,Rays vs Giants,7
20230816,Guardians vs Reds,9
20230816,Astros vs Marlins,17
20230816,Athletics vs Cardinals,8
20230816,Red Sox vs Nationals,8
20230816,Phillies vs Blue Jays,13
20230816,Yankees vs Braves,2
20230816,Angels vs Rangers,2
20230816,White Sox vs Cubs,7
20230816,Mariners vs Royals,11
20230816,Orioles vs Padres,7
20230816,Brewers vs Dodgers,8
20230817,Mariners vs Royals,10
20230817,Red Sox vs Nationals,17
20230817,Mets vs Cardinals,6
20230817,Diamondbacks vs Padres,4
20230817,Brewers vs Dodgers,1
20230818,Royals vs Cubs,7
20230818,Tigers vs Guardians,6
20230818,Blue Jays vs Reds,1
20230818,Red Sox vs Yankees,11
20230818,Phillies vs Nationals,15
20230818,Giants vs Braves,4
20230818,Tigers vs Guardians,5
20230818,Brewers vs Rangers,17
20230818,Pirates vs Twins,6
20230818,Mariners vs Astros,2
20230818,Mets vs Cardinals,8
20230818,White Sox vs Rockies,15
20230818,Rays vs Angels,15
20230818,Orioles vs Athletics,13
20230818,Diamondbacks vs Padres,4
20230818,Marlins vs Dodgers,14
20230819,Red Sox vs Yankees,9
20230819,Royals vs Cubs,10
20230819,Marlins vs Dodgers,4
20230819,Diamondbacks vs Padres,10
20230819,Brewers vs Rangers,7
20230819,Phillies vs Nationals,15
20230819,Rays vs Angels,13
20230819,Blue Jays vs Reds,7
20230819,Tigers vs Guardians,7
20230819,Pirates vs Twins,11
20230819,Mariners vs Astros,13
20230819,Mets vs Cardinals,15
20230819,Giants vs Braves,11
20230819,White Sox vs Rockies,16
20230819,Diamondbacks vs Padres,9
20230819,Orioles vs Athletics,9
20230819,Rays vs Angels,22
20230819,Marlins vs Dodgers,4
20230820,Mariners vs Astros,13
20230820,Red Sox vs Yankees,11
20230820,Giants vs Braves,7
20230820,Tigers vs Guardians,5
20230820,Blue Jays vs Reds,13
20230820,Pirates vs Twins,2
20230820,Mets vs Cardinals,10
20230820,Royals vs Cubs,7
20230820,Brewers vs Rangers,8
20230820,White Sox vs Rockies,15
20230820,Orioles vs Athletics,13
20230820,Phillies vs Nationals,7
20230821,Cubs vs Tigers,13
20230821,Giants vs Phillies,14
20230821,Cardinals vs Pirates,12
20230821,Mets vs Braves,14
20230821,Red Sox vs Astros,13
20230821,Mariners vs White Sox,16
20230821,Royals vs Athletics,10
20230821,Rangers vs Diamondbacks,7
20230821,Marlins vs Padres,8
20230822,Cubs vs Tigers,14
20230822,Rockies vs Rays,16
20230822,Giants vs Phillies,7
20230822,Blue Jays vs Orioles,9
20230822,Nationals vs Yankees,3
20230822,Cardinals vs Pirates,9
20230822,Dodgers vs Guardians,11
20230822,Mets vs Braves,5
20230822,Red Sox vs Astros,10
20230822,Twins vs Brewers,10
20230822,Mariners vs White Sox,9
20230822,Reds vs Angels,7
20230822,Royals vs Athletics,9
20230822,Rangers vs Diamondbacks,9
20230822,Marlins vs Padres,3
20230823,Cardinals vs Pirates,10
20230823,Cubs vs Tigers,10
20230823,Twins vs Brewers,15
20230823,Mariners vs White Sox,9
20230823,Royals vs Athletics,4
20230823,Giants vs Phillies,14
20230823,Reds vs Angels,13
20230823,Marlins vs Padres,4
20230823,Rockies vs Rays,11
20230823,Blue Jays vs Orioles,7
20230823,Nationals vs Yankees,10
20230823,Dodgers vs Guardians,7
20230823,Mets vs Braves,7
20230823,Red Sox vs Astros,12
20230823,Reds vs Angels,10
20230824,Dodgers vs Guardians,7
20230824,Nationals vs Yankees,11
20230824,Rockies vs Rays,8
20230824,Red Sox vs Astros,18
20230824,Dodgers vs Guardians,12
20230824,Blue Jays vs Orioles,8
20230824,Cubs vs Pirates,9
20230824,Rangers vs Twins,12
20230824,Athletics vs White Sox,13
20230824,Reds vs Diamondbacks,5
20230825,Astros vs Tigers,5
20230825,Yankees vs Rays,8
20230825,Nationals vs Marlins,11
20230825,Rockies vs Orioles,9
20230825,Cardinals vs Phillies,9
20230825,Cubs vs Pirates,3
20230825,Guardians vs Blue Jays,7
20230825,Angels vs Mets,4
20230825,Dodgers vs Red Sox,11
20230825,Athletics vs White Sox,16
20230825,Padres vs Brewers,10
20230825,Rangers vs Twins,14
20230825,Reds vs Diamondbacks,18
20230825,Royals vs Mariners,12
20230825,Braves vs Giants,6
20230826,Guardians vs Blue Jays,11
20230826,Braves vs Giants,10
20230826,Royals vs Mariners,17
20230826,Dodgers vs Red Sox,13
20230826,Yankees vs Rays,3
20230826,Nationals vs Marlins,5
20230826,Astros vs Tigers,11
20230826,Rockies vs Orioles,9
20230826,Angels vs Mets,8
20230826,Athletics vs White Sox,8
20230826,Padres vs Brewers,9
20230826,Cardinals vs Phillies,13
20230826,Rangers vs Twins,8
20230826,Cubs vs Pirates,16
20230826,Reds vs Diamondbacks,15
20230827,Angels vs Mets,5
20230827,Rockies vs Orioles,7
20230827,Dodgers vs Red Sox,11
20230827,Cardinals vs Phillies,3
20230827,Cubs vs Pirates,11
20230827,Guardians vs Blue Jays,17
20230827,Astros vs Tigers,21
20230827,Yankees vs Rays,11
20230827,Nationals vs Marlins,3
20230827,Athletics vs White Sox,7
20230827,Padres vs Brewers,16
20230827,Rangers vs Twins,13
20230827,Reds vs Diamondbacks,7
20230827,Royals vs Mariners,5
20230827,Braves vs Giants,13
20230828,Angels vs Phillies,10
20230828,Yankees vs Tigers,5
20230828,White Sox vs Orioles,9
20230828,Nationals vs Blue Jays,9
20230828,Astros vs Red Sox,18
20230828,Rangers vs Mets,7
20230828,Guardians vs Twins,16
20230828,Padres vs Cardinals,5
20230828,Brewers vs Cubs,8
20230828,Pirates vs Royals,5
20230828,Braves vs Rockies,18
20230828,Athletics vs Mariners,7
20230828,Reds vs Giants,5
20230828,Diamondbacks vs Dodgers,11
20230829,Angels vs Phillies,19
20230829,Yankees vs Tigers,6
20230829,Rays vs Marlins,13
20230829,White Sox vs Orioles,12
20230829,Nationals vs Blue Jays,9
20230829,Astros vs Red Sox,8
20230829,Rangers vs Mets,3
20230829,Guardians vs Twins,6
20230829,Padres vs Cardinals,11
20230829,Brewers vs Cubs,1
20230829,Pirates vs Royals,9
20230829,Braves vs Rockies,4
20230829,Athletics vs Mariners,4
20230829,Reds vs Giants,7
20230829,Diamondbacks vs Dodgers,10
20230830,Angels vs Phillies,18
20230830,White Sox vs Orioles,15
20230830,Guardians vs Twins,7
20230830,Padres vs Cardinals,9
20230830,Brewers vs Cubs,5
20230830,Nationals vs Blue Jays,7
20230830,Reds vs Giants,5
20230830,Astros vs Red Sox,11
20230830,Athletics vs Mariners,9
20230830,Yankees vs Tigers,8
20230830,Rays vs Marlins,3
20230830,Rangers vs Mets,11
20230830,Pirates vs Royals,5
20230830,Braves vs Rockies,10
20230830,Diamondbacks vs Dodgers,7
20230831,Yankees vs Tigers,7
20230831,Marlins vs Nationals,7
20230831,Giants vs Padres,9
20230831,Braves vs Dodgers,15
20230901,Cubs vs Reds,8
20230901,Cubs vs Reds,5
20230901,Marlins vs Nationals,13
20230901,Mariners vs Mets,3
20230901,Rays vs Guardians,5
20230901,Twins vs Rangers,6
20230901,Red Sox vs Royals,15
20230901,Tigers vs White Sox,6
20230901,Yankees vs Astros,8
20230901,Phillies vs Brewers,12
20230901,Pirates vs Cardinals,6
20230901,Blue Jays vs Rockies,22
20230901,Angels vs Athletics,11
20230901,Orioles vs Diamondbacks,6
20230901,Giants vs Padres,10
20230901,Braves vs Dodgers,9
20230902,Marlins vs Nationals,16
20230902,Angels vs Athletics,3
20230902,Rays vs Guardians,13
20230902,Cubs vs Reds,3
20230902,Red Sox vs Royals,14
20230902,Tigers vs White Sox,10
20230902,Yankees vs Astros,9
20230902,Mariners vs Mets,15
20230902,Twins vs Rangers,16
20230902,Phillies vs Brewers,12
20230902,Pirates vs Cardinals,13
20230902,Orioles vs Diamondbacks,10
20230902,Blue Jays vs Rockies,15
20230902,Giants vs Padres,7
20230902,Braves vs Dodgers,6
20230903,Cubs vs Reds,22
20230903,Phillies vs Brewers,6
20230903,Marlins vs Nationals,10
20230903,Mariners vs Mets,9
20230903,Red Sox vs Royals,10
20230903,Tigers vs White Sox,5
20230903,Pirates vs Cardinals,10
20230903,Twins vs Rangers,11
20230903,Blue Jays vs Rockies,12
20230903,Angels vs Athletics,16
20230903,Braves vs Dodgers,4
20230903,Orioles vs Diamondbacks,13
20230903,Rays vs Guardians,8
20230903,Giants vs Padres,4
20230903,Yankees vs Astros,7
20230904,White Sox vs Royals,13
20230904,Giants vs Cubs,5
20230904,Astros vs Rangers,19
20230904,Blue Jays vs Athletics,11
20230904,Red Sox vs Rays,10
20230904,Rockies vs Diamondbacks,6
20230904,Mariners vs Reds,9
20230904,Twins vs Guardians,26
20230904,Brewers vs Pirates,6
20230904,Phillies vs Padres,16
20230904,Orioles vs Angels,9
20230905,Twins vs Guardians,11
20230905,Brewers vs Pirates,10
20230905,Red Sox vs Rays,14
20230905,Dodgers vs Marlins,9
20230905,Mariners vs Reds,13
20230905,Tigers vs Yankees,6
20230905,Mets vs Nationals,16
20230905,Cardinals vs Braves,16
20230905,White Sox vs Royals,13
20230905,Giants vs Cubs,19
20230905,Astros vs Rangers,15
20230905,Orioles vs Angels,9
20230905,Rockies vs Diamondbacks,5
20230905,Blue Jays vs Athletics,8
20230905,Phillies vs Padres,8
20230906,Brewers vs Pirates,9
20230906,Twins vs Guardians,3
20230906,Giants vs Cubs,10
20230906,Blue Jays vs Athletics,7
20230906,Rockies vs Diamondbacks,17
20230906,Phillies vs Padres,6
20230906,Red Sox vs Rays,4
20230906,Dodgers vs Marlins,15
20230906,Mariners vs Reds,12
20230906,Tigers vs Yankees,7
20230906,Mets vs Nationals,5
20230906,Cardinals vs Braves,17
20230906,White Sox vs Royals,10
20230906,Astros vs Rangers,15
20230906,Orioles vs Angels,13
20230907,Dodgers vs Marlins,10
20230907,Mariners vs Rays,1
20230907,Tigers vs Yankees,13
20230907,Cardinals vs Braves,13
20230907,Diamondbacks vs Cubs,8
20230907,Guardians vs Angels,5
20230908,Diamondbacks vs Cubs,1
20230908,White Sox vs Tigers,6
20230908,Mariners vs Rays,11
20230908,Cardinals vs Reds,13
20230908,Dodgers vs Nationals,13
20230908,Marlins vs Phillies,5
20230908,Brewers vs Yankees,10
20230908,Royals vs Blue Jays,9
20230908,Orioles vs Red Sox,13
20230908,Pirates vs Braves,10
20230908,Athletics vs Rangers,9
20230908,Mets vs Twins,7
20230908,Padres vs Astros,13
20230908,Guardians vs Angels,9
20230908,Rockies vs Giants,17
20230909,Brewers vs Yankees,11
20230909,Mets vs Twins,12
20230909,Diamondbacks vs Cubs,5
20230909,Royals vs Blue Jays,6
20230909,Dodgers vs Nationals,13
20230909,Mariners vs Rays,12
20230909,Orioles vs Red Sox,25
20230909,Marlins vs Phillies,12
20230909,White Sox vs Tigers,4
20230909,Cardinals vs Reds,7
20230909,Athletics vs Rangers,5
20230909,Padres vs Astros,12
20230909,Pirates vs Braves,12
20230909,Rockies vs Giants,10
20230909,Guardians vs Angels,8
20230910,Marlins vs Phillies,9
20230910,White Sox vs Tigers,5
20230910,Mariners vs Rays,9
20230910,Orioles vs Red Sox,10
20230910,Dodgers vs Nationals,10
20230910,Brewers vs Yankees,7
20230910,Pirates vs Braves,7
20230910,Royals vs Blue Jays,7
20230910,Cardinals vs Reds,8
20230910,Mets vs Twins,2
20230910,Padres vs Astros,14
20230910,Diamondbacks vs Cubs,7
20230910,Athletics vs Rangers,13
20230910,Guardians vs Angels,3
20230910,Rockies vs Giants,9
20230911,Braves vs Phillies,18
20230911,Cardinals vs Orioles,16
20230911,Nationals vs Pirates,8
20230911,Braves vs Phillies,12
20230911,Rangers vs Blue Jays,14
20230911,Diamondbacks vs Mets,7
20230911,Marlins vs Brewers,12
20230911,Rays vs Twins,11
20230911,Athletics vs Astros,4
20230911,Cubs vs Rockies,9
20230911,Angels vs Mariners,13
20230911,Guardians vs Giants,9
20230911,Padres vs Dodgers,19
20230912,Yankees vs Red Sox,5
20230912,Royals vs White Sox,8
20230912,Cardinals vs Orioles,7
20230912,Nationals vs Pirates,6
20230912,Braves vs Phillies,13
20230912,Reds vs Tigers,11
20230912,Rangers vs Blue Jays,9
20230912,Diamondbacks vs Mets,11
20230912,Yankees vs Red Sox,5
20230912,Marlins vs Brewers,4
20230912,Rays vs Twins,5
20230912,Royals vs White Sox,21
20230912,Athletics vs Astros,8
20230912,Cubs vs Rockies,10
20230912,Angels vs Mariners,8
20230912,Guardians vs Giants,4
20230912,Padres vs Dodgers,13
20230913,Rays vs Twins,9
20230913,Cubs vs Rockies,10
20230913,Guardians vs Giants,11
20230913,Angels vs Mariners,5
20230913,Cardinals vs Orioles,1
20230913,Nationals vs Pirates,13
20230913,Braves vs Phillies,5
20230913,Reds vs Tigers,7
20230913,Rangers vs Blue Jays,10
20230913,Diamondbacks vs Mets,8
20230913,Athletics vs Astros,8
20230913,Royals vs White Sox,8
20230913,Marlins vs Brewers,2
20230913,Padres vs Dodgers,7
20230914,Nationals vs Pirates,2
20230914,Reds vs Tigers,10
20230914,Yankees vs Red Sox,5
20230914,Marlins vs Brewers,6
20230914,Diamondbacks vs Mets,12
20230914,Rangers vs Blue Jays,11
20230914,Yankees vs Red Sox,13
20230914,Rays vs Orioles,7
20230914,Twins vs White Sox,12
20230915,Yankees vs Pirates,12
20230915,Braves vs Marlins,15
20230915,Rays vs Orioles,8
20230915,Red Sox vs Blue Jays,3
20230915,Reds vs Mets,8
20230915,Rangers vs Guardians,15
20230915,Twins vs White Sox,12
20230915,Astros vs Royals,6
20230915,Nationals vs Brewers,8
20230915,Phillies vs Cardinals,9
20230915,Giants vs Rockies,5
20230915,Tigers vs Angels,13
20230915,Cubs vs Diamondbacks,10
20230915,Padres vs Athletics,11
20230915,Dodgers vs Mariners,9
20230916,Giants vs Rockies,14
20230916,Red Sox vs Blue Jays,7
20230916,Padres vs Athletics,7
20230916,Braves vs Marlins,16
20230916,Rangers vs Guardians,3
20230916,Yankees vs Pirates,9
20230916,Rays vs Orioles,8
20230916,Reds vs Mets,5
20230916,Astros vs Royals,18
20230916,Twins vs White Sox,13
20230916,Nationals vs Brewers,14
20230916,Phillies vs Cardinals,7
20230916,Cubs vs Diamondbacks,13
20230916,Giants vs Rockies,7
20230916,Tigers vs Angels,9
20230916,Dodgers vs Mariners,8
20230917,Rays vs Orioles,9
20230917,Yankees vs Pirates,5
20230917,Red Sox vs Blue Jays,5
20230917,Braves vs Marlins,18
20230917,Reds vs Mets,12
20230917,Rangers vs Guardians,11
20230917,Astros vs Royals,8
20230917,Twins vs White Sox,4
20230917,Nationals vs Brewers,3
20230917,Phillies vs Cardinals,11
20230917,Giants vs Rockies,21
20230917,Tigers vs Angels,8
20230917,Padres vs Athletics,11
20230917,Dodgers vs Mariners,7
20230917,Cubs vs Diamondbacks,8
20230918,Guardians vs Royals,10
20230918,Twins vs Reds,10
20230918,Mets vs Marlins,3
20230918,White Sox vs Nationals,7
20230918,Phillies vs Braves,8
20230918,Brewers vs Cardinals,1
20230918,Red Sox vs Rangers,6
20230918,Orioles vs Astros,15
20230918,Mariners vs Athletics,5
20230918,Rockies vs Padres,20
20230918,Tigers vs Dodgers,11
20230919,Angels vs Rays,8
20230919,Twins vs Reds,7
20230919,Mets vs Marlins,7
20230919,White Sox vs Nationals,7
20230919,Blue Jays vs Yankees,8
20230919,Phillies vs Braves,12
20230919,Guardians vs Royals,13
20230919,Pirates vs Cubs,15
20230919,Brewers vs Cardinals,10
20230919,Red Sox vs Rangers,10
20230919,Orioles vs Astros,14
20230919,Mariners vs Athletics,9
20230919,Giants vs Diamondbacks,12
20230919,Rockies vs Padres,2
20230919,Tigers vs Dodgers,5
20230920,Phillies vs Braves,11
20230920,Twins vs Reds,8
20230920,White Sox vs Nationals,16
20230920,Red Sox vs Rangers,20
20230920,Orioles vs Astros,3
20230920,Guardians vs Royals,8
20230920,Mariners vs Athletics,9
20230920,Giants vs Diamondbacks,8
20230920,Rockies vs Padres,5
20230920,Angels vs Rays,11
20230920,Mets vs Marlins,11
20230920,Blue Jays vs Yankees,7
20230920,Pirates vs Cubs,20
20230920,Brewers vs Cardinals,10
20230920,Tigers vs Dodgers,6
20230921,Angels vs Rays,9
20230921,Brewers vs Cardinals,6
20230921,Braves vs Nationals,13
20230921,Blue Jays vs Yankees,8
20230921,Orioles vs Guardians,7
20230921,Mets vs Phillies,9
20230921,Pirates vs Cubs,14
20230921,Tigers vs Athletics,10
20230921,Giants vs Dodgers,9
20230922,Rockies vs Cubs,6
20230922,Brewers vs Marlins,17
20230922,Pirates vs Reds,12
20230922,Blue Jays vs Rays,8
20230922,Diamondbacks vs Yankees,8
20230922,Braves vs Nationals,15
20230922,Mets vs Phillies,9
20230922,Orioles vs Guardians,17
20230922,White Sox vs Red Sox,5
20230922,Mariners vs Rangers,13
20230922,Angels vs Twins,14
20230922,Royals vs Astros,12
20230922,Tigers vs Athletics,10
20230922,Cardinals vs Padres,6
20230922,Giants vs Dodgers,6
20230923,Angels vs Twins,1
20230923,Rockies vs Cubs,9
20230923,Mets vs Phillies,12
20230923,Tigers vs Athletics,5
20230923,White Sox vs Red Sox,1
20230923,Brewers vs Marlins,9
20230923,Blue Jays vs Rays,13
20230923,Orioles vs Guardians,3
20230923,Pirates vs Reds,25
20230923,Mariners vs Rangers,2
20230923,Royals vs Astros,5
20230923,Cardinals vs Padres,7
20230923,Giants vs Dodgers,7
20230924,Blue Jays vs Rays,14
20230924,Diamondbacks vs Yankees,8
20230924,Braves vs Nationals,5
20230924,White Sox vs Red Sox,5
20230924,Orioles vs Guardians,6
20230924,Brewers vs Marlins,7
20230924,Pirates vs Reds,6
20230924,Angels vs Twins,12
20230924,Royals vs Astros,11
20230924,Rockies vs Cubs,7
20230924,Mariners vs Rangers,17
20230924,Tigers vs Athletics,2
20230924,Cardinals vs Padres,14
20230924,Mets vs Phillies,7
20230924,Braves vs Nationals,13
20230924,Giants vs Dodgers,5
20230925,Diamondbacks vs Yankees,10
20230925,Rangers vs Angels,6
20230925,Astros vs Mariners,6
20230925,Padres vs Giants,3
20230926,Dodgers vs Rockies,5
20230926,Reds vs Guardians,18
20230926,Nationals vs Orioles,1
20230926,Royals vs Tigers,9
20230926,Pirates vs Phillies,5
20230926,Yankees vs Blue Jays,2
20230926,Rays vs Red Sox,16
20230926,Cubs vs Braves,13
20230926,Diamondbacks vs White Sox,19
20230926,Athletics vs Twins,14
20230926,Cardinals vs Brewers,5
20230926,Dodgers vs Rockies,13
20230926,Rangers vs Angels,12
20230926,Padres vs Giants,4
20230926,Astros vs Mariners,8
20230927,Diamondbacks vs White Sox,3
20230927,Marlins vs Mets,13
20230927,Reds vs Guardians,7
20230927,Rays vs Red Sox,5
20230927,Nationals vs Orioles,6
20230927,Royals vs Tigers,8
20230927,Pirates vs Phillies,13
20230927,Yankees vs Blue Jays,6
20230927,Cubs vs Braves,11
20230927,Marlins vs Mets,6
20230927,Athletics vs Twins,10
20230927,Cardinals vs Brewers,5
20230927,Dodgers vs Rockies,10
20230927,Rangers vs Angels,5
20230927,Astros vs Mariners,11
20230927,Padres vs Giants,7
20230928,Royals vs Tigers,8
20230928,Athletics vs Twins,3
20230928,Diamondbacks vs White Sox,4
20230928,Royals vs Tigers,10
20230928,Cardinals vs Brewers,3
20230928,Pirates vs Phillies,5
20230928,Red Sox vs Orioles,2
20230928,Yankees vs Blue Jays,6
20230928,Marlins vs Mets,1
20230928,Cubs vs Braves,8
20230928,Dodgers vs Rockies,19
20230928,Rangers vs Mariners,5
20230929,Marlins vs Pirates,7
20230929,Guardians vs Tigers,12
20230929,Red Sox vs Orioles,3
20230929,Rays vs Blue Jays,15
20230929,Nationals vs Braves,16
20230929,Padres vs White Sox,5
20230929,Cubs vs Brewers,7
20230929,Yankees vs Royals,17
20230929,Twins vs Rockies,13
20230929,Reds vs Cardinals,21
20230929,Athletics vs Angels,6
20230929,Astros vs Diamondbacks,3
20230929,Rangers vs Mariners,8
20230929,Dodgers vs Giants,8
20230930,Guardians vs Tigers,8
20230930,Rays vs Blue Jays,12
20230930,Phillies vs Mets,7
20230930,Marlins vs Pirates,10
20230930,Cubs vs Brewers,16
20230930,Yankees vs Royals,7
20230930,Padres vs White Sox,7
20230930,Red Sox vs Orioles,7
20230930,Reds vs Cardinals,21
20230930,Phillies vs Mets,15
20230930,Rangers vs Mariners,7
20230930,Nationals vs Braves,8
20230930,Astros vs Diamondbacks,1
20230930,Twins vs Rockies,20
20230930,Dodgers vs Giants,3
20230930,Athletics vs Angels,10
20231001,Red Sox vs Orioles,7
20231001,Dodgers vs Giants,7
20231001,Marlins vs Pirates,3
20231001,Athletics vs Angels,10
20231001,Rays vs Blue Jays,20
20231001,Cubs vs Brewers,4
20231001,Guardians vs Tigers,7
20231001,Astros vs Diamondbacks,9
20231001,Yankees vs Royals,7
20231001,Phillies vs Mets,10
20231001,Padres vs White Sox,3
20231001,Rangers vs Mariners,1
20231001,Nationals vs Braves,19
20231001,Twins vs Rockies,5
20231001,Reds vs Cardinals,7
